{"cameraMode":{"drawMode":0,"name":"Shaded","section":"Shading Mode"},"sceneLighting":false,"audioPlay":false,"sceneViewState":{"showFog":true,"showMaterialUpdate":false,"showSkybox":false,"showFlares":true,"showImageEffects":true,"showParticleSystems":true},"in2DMode":false,"pivot":{"x":-1.9899998903274537,"y":1.435120940208435,"z":2.890000104904175},"rotation":{"x":-0.16165828704833985,"y":0.6250250339508057,"z":-0.13440117239952088,"w":-0.7517704963684082},"size":3.134977340698242,"orthographic":false}